{
  "Camera.type": "PinHole",
  "Camera1.fx": 955.84029237,
  "Camera1.fy": 955.80993878,
  "Camera1.cx": 637.34285919,
  "Camera1.cy": 360.13498489,
  "Camera1.k1": 0.08742944,
  "Camera1.k2": -0.06088107,
  "Camera1.p1": 0.00151562,
  "Camera1.p2": -0.00124224,
  "Camera1.k3": -0.19181348,
  "Camera.width": 1280,
  "Camera.height": 720,
  "Camera.fps": 10,
  "Camera.RGB": 1,
  "IMU.NoiseGyro": 0.000005148030141,
  "IMU.NoiseAcc": 0.000066952452471,
  "IMU.GyroWalk": 0.000000499999999,
  "IMU.AccWalk": 0.000099999997474,
  "IMU.Frequency": 400.0,
  "ORBextractor.nFeatures": 800,
  "ORBextractor.scaleFactor": 1.2,
  "ORBextractor.nLevels": 8,
  "ORBextractor.iniThFAST": 20,
  "ORBextractor.minThFAST": 7,
  "loopClosing": 1
}
